total_pixels,added_pixels,removed_pixels,stable_field_pixels,stable_nonfield_pixels,changed_pixels,added_pct,removed_pct,stable_field_pct,stable_nonfield_pct,changed_pct,stability_pct,net_change_pixels,net_change_pct,from_year,to_year,transition
65136,5745,4072,30096,25223,9817,8.820007369196757,6.2515352493244905,46.20486366985998,38.72359371161877,15.071542618521248,84.92845738147875,1673,2.5684721198722666,2020,2021,2020-2021
65136,4428,4428,31413,24867,8856,6.798084008843036,6.798084008843036,48.22678703021371,38.17704495210022,13.596168017686072,86.40383198231393,0,0.0,2021,2022,2021-2022
65136,3266,5560,30281,26029,8826,5.0141242937853105,8.535986244166052,46.48888479489069,39.961004667157944,13.550110537951364,86.44988946204863,-2294,-3.5218619503807416,2022,2023,2022-2023
