total_pixels,added_pixels,removed_pixels,stable_field_pixels,stable_nonfield_pixels,changed_pixels,added_pct,removed_pct,stable_field_pct,stable_nonfield_pct,changed_pct,stability_pct,net_change_pixels,net_change_pct,from_year,to_year,transition
65136,5950,3997,29482,25707,9947,9.13473348071727,6.136391549987718,45.262220584622945,39.46665438467207,15.271125030704987,84.728874969295,1953,2.998341930729551,2020,2021,2020-2021
65136,4480,4522,30910,25224,9002,6.877916973716531,6.942397445345124,47.45455661999509,38.72512896094326,13.820314419061656,86.17968558093835,-42,-0.06448047162859272,2021,2022,2021-2022
65136,3330,5598,29792,26416,8928,5.11238025055269,8.594325718496684,45.738147875214935,40.55514615573569,13.706705969049374,86.29329403095063,-2268,-3.4819454679439943,2022,2023,2022-2023
